review,sentiment
I absolutely love this product,positive
The product works perfectly,positive
I am very happy with my purchase,positive
The service was excellent,positive
The staff were friendly and helpful,positive
I would definitely recommend this service,positive
Everything about my experience was great,positive
The quality is outstanding,positive
I received excellent customer service,positive
The product exceeded my expectations,positive
I am extremely satisfied with the service,positive
The delivery was fast and convenient,positive
The application is easy to use,positive
I had a wonderful experience,positive
The support team solved my problem quickly,positive
The product is reliable and effective,positive
I am impressed with the quality,positive
The staff were professional and kind,positive
My order arrived quickly and safely,positive
This was a fantastic purchase,positive
I really enjoyed using the product,positive
The service was quick and efficient,positive
I am pleased with the results,positive
The product is better than expected,positive
The experience was smooth and enjoyable,positive
The team was very helpful,positive
I received exactly what I ordered,positive
The product looks great and works well,positive
I would happily buy this again,positive
The customer service was amazing,positive
I am completely satisfied,positive
The product is excellent value,positive
The process was simple and easy,positive
I had no problems with my order,positive
The staff handled everything professionally,positive
The service exceeded my expectations,positive
I am very impressed by this product,positive
The product performs extremely well,positive
The experience was better than expected,positive
I am happy with the results,positive
The team provided excellent support,positive
The website was easy to navigate,positive
The ordering process was convenient,positive
The product arrived in perfect condition,positive
I would recommend this to my friends,positive
The service was fast and friendly,positive
I am very satisfied with the purchase,positive
The quality is really impressive,positive
Everything went smoothly,positive
The product is fantastic,positive
I love the way this product works,positive
The staff were extremely helpful,positive
The response from support was quick,positive
I had a positive experience,positive
The product is worth the money,positive
I am delighted with the service,positive
The delivery was on time,positive
The application works very well,positive
The service was professional,positive
I received great assistance,positive
The product is high quality,positive
I am pleased with the customer service,positive
The experience was excellent from start to finish,positive
The team was efficient and friendly,positive
I would use this service again,positive
The product is exactly what I needed,positive
I am very impressed by the service,positive
The purchase was easy and successful,positive
The staff made the process easy,positive
The product works better than expected,positive
I had a great experience,positive
The service was reliable,positive
I am satisfied with the overall experience,positive
The product is excellent,positive
The support was helpful and professional,positive
The delivery was quick,positive
I really appreciate the excellent service,positive
The staff answered all my questions,positive
The product is easy to use,positive
I would strongly recommend this product,positive
The experience was pleasant,positive
The team resolved everything quickly,positive
I am happy with my purchase,positive
The product quality is impressive,positive
The service was outstanding,positive
Everything was handled very well,positive
I had no complaints about the service,positive
The product is reliable,positive
The staff were welcoming,positive
The process was fast and simple,positive
I am very pleased,positive
This is a great product,positive
The service was better than expected,positive
I would purchase this again,positive
The experience was very positive,positive
The product arrived safely,positive
The customer support was excellent,positive
I am satisfied with the results,positive
The team did a fantastic job,positive
I enjoyed the overall experience,positive
The service was convenient,positive
The product met all my expectations,positive
The staff were polite and helpful,positive
I am happy with the quality,positive
This was an excellent experience,positive
The experience was okay,neutral
The product is average,neutral
The service was acceptable,neutral
The product works as expected,neutral
I have no strong opinion about the product,neutral
The experience was neither good nor bad,neutral
The service was ordinary,neutral
The product is fairly standard,neutral
It took some time to get used to the application,neutral
The delivery arrived as scheduled,neutral
The product does what it is supposed to do,neutral
The service was fine,neutral
I found the experience average,neutral
The quality is reasonable,neutral
The product is functional,neutral
The staff were neither helpful nor unhelpful,neutral
The application has basic features,neutral
The process was straightforward,neutral
My order arrived on time,neutral
The product meets basic requirements,neutral
The service was normal,neutral
I did not notice anything unusual,neutral
The experience was satisfactory,neutral
The product is similar to other products,neutral
The service met my expectations,neutral
The application works adequately,neutral
The product has average quality,neutral
The delivery was acceptable,neutral
I have mixed feelings about the product,neutral
The experience was fairly normal,neutral
The product is usable,neutral
The service was neither fast nor slow,neutral
The staff provided standard assistance,neutral
The product performed normally,neutral
The process was manageable,neutral
I do not have a strong preference,neutral
The product is okay for its price,neutral
The experience was as expected,neutral
The service was routine,neutral
The application is fairly simple,neutral
The product has some useful features,neutral
The delivery process was normal,neutral
I received what I ordered,neutral
The quality is neither excellent nor poor,neutral
The service was adequate,neutral
The product is reasonably priced,neutral
I had an average experience,neutral
The staff were polite,neutral
The website is functional,neutral
The product works most of the time,neutral
The experience was unremarkable,neutral
The service was acceptable overall,neutral
The product has standard features,neutral
The process took the expected amount of time,neutral
I would consider the product average,neutral
The delivery was neither early nor late,neutral
The support response was adequate,neutral
The application is usable,neutral
The product is suitable for basic use,neutral
The experience was ordinary,neutral
The service was not particularly memorable,neutral
The product quality is moderate,neutral
I have no major complaints,neutral
The staff answered my questions,neutral
The ordering process was normal,neutral
The product met the basic requirements,neutral
The service was reasonably efficient,neutral
The experience was neither positive nor negative,neutral
The product is comparable to similar options,neutral
The application performed as expected,neutral
The delivery was completed normally,neutral
The staff provided basic assistance,neutral
The service was standard,neutral
The product is acceptable,neutral
The experience was predictable,neutral
I am neither satisfied nor dissatisfied,neutral
The product has average performance,neutral
The process was simple enough,neutral
The service took a normal amount of time,neutral
The application has the expected functions,neutral
The quality was acceptable,neutral
The product arrived in usable condition,neutral
The experience was okay overall,neutral
The support team provided a standard response,neutral
The service was neither impressive nor disappointing,neutral
The product is suitable for everyday use,neutral
The delivery went normally,neutral
The website was easy enough to use,neutral
The product performed adequately,neutral
The experience was average,neutral
The service was routine,neutral
The staff were available when needed,neutral
The product was as described,neutral
The process was reasonable,neutral
I would describe the product as average,neutral
The application is functional,neutral
The service was acceptable for my needs,neutral
The experience met basic expectations,neutral
The product is neither excellent nor poor,neutral
The delivery was satisfactory,neutral
The staff were professional enough,neutral
The quality was moderate,neutral
The product works reasonably well,neutral
The overall experience was ordinary,neutral
The service provided what I needed,neutral
The application has standard performance,neutral
I hate this product,negative
The product stopped working,negative
I am very disappointed with the service,negative
The service was terrible,negative
My order arrived damaged,negative
The delivery was extremely late,negative
The staff were rude,negative
I would never buy this product again,negative
The product is poor quality,negative
I had a terrible experience,negative
The customer service was unhelpful,negative
The application keeps crashing,negative
The product did not work at all,negative
I am unhappy with my purchase,negative
The service was extremely slow,negative
My order was missing items,negative
The product was completely disappointing,negative
The staff ignored my concerns,negative
The delivery was badly delayed,negative
The website was difficult to use,negative
The product broke after a few days,negative
I regret buying this product,negative
The support team did not help me,negative
The service was frustrating,negative
The quality was very poor,negative
My order arrived in bad condition,negative
The application is unreliable,negative
I received the wrong product,negative
The customer service was rude,negative
The experience was very disappointing,negative
The product is not worth the money,negative
The process was confusing,negative
The staff were unprofessional,negative
The delivery took far too long,negative
The product failed to meet expectations,negative
I am extremely dissatisfied,negative
The service was unacceptable,negative
The website kept giving errors,negative
The product stopped working unexpectedly,negative
I had problems from the beginning,negative
The support response was too slow,negative
The order was handled badly,negative
The quality was disappointing,negative
The product was defective,negative
The service was poorly managed,negative
The application was frustrating to use,negative
My purchase was a waste of money,negative
The staff were not helpful,negative
The delivery was late and damaged,negative
I received poor service,negative
The product did not match the description,negative
The experience was awful,negative
The service caused unnecessary problems,negative
The product performance was terrible,negative
I am unhappy with the results,negative
The website was broken,negative
The order arrived incomplete,negative
The staff did not listen,negative
The application crashed repeatedly,negative
The product quality was unacceptable,negative
The service was disappointing,negative
I would not recommend this product,negative
The delivery was extremely frustrating,negative
The product was difficult to use,negative
The customer support was ineffective,negative
My order was delayed without explanation,negative
The experience was worse than expected,negative
The product was faulty,negative
The service was slow and unhelpful,negative
I had to contact support several times,negative
The application did not work properly,negative
The product arrived damaged,negative
The staff were dismissive,negative
The process was unnecessarily difficult,negative
The quality was far below expectations,negative
I am very unhappy with the service,negative
The order was incorrect,negative
The delivery service was unreliable,negative
The product was disappointing,negative
The support team ignored my issue,negative
The website was confusing and slow,negative
The product failed shortly after purchase,negative
The service did not meet expectations,negative
The staff handled my complaint badly,negative
The experience was frustrating from start to finish,negative
The product is unreliable,negative
The order took too long,negative
The application has too many errors,negative
The service was poorly organized,negative
I am disappointed with the quality,negative
The product did not perform as promised,negative
The customer service was terrible,negative
The delivery was unacceptable,negative
The purchase was a mistake,negative
The staff provided poor assistance,negative
The experience was unpleasant,negative
The product was a complete failure,negative
The service was not professional,negative
The website was not working,negative
The order arrived much later than expected,negative
The product was not useful,negative
I had a very negative experience,negative
The support was slow and ineffective,negative
The quality was disappointing,negative
The product did not meet basic expectations,negative
